,genres,runtime_secs,certification,release_date,cast_summary
0,"[Crime, Drama]",8520,R,1994-10-14,"[<Person: Tim Robbins (nm0000209)>, <Person: Morgan Freeman (nm0000151)>, <Person: Bob Gunton (nm0348409)>, <Person: William Sadler (nm0006669)>]"
1,"[Crime, Drama]",10500,R,1972-03-24,"[<Person: Marlon Brando (nm0000008)>, <Person: Al Pacino (nm0000199)>, <Person: James Caan (nm0001001)>, <Person: Diane Keaton (nm0000473)>]"
2,"[Crime, Drama]",12120,R,1974-12-20,"[<Person: Al Pacino (nm0000199)>, <Person: Robert De Niro (nm0000134)>, <Person: Robert Duvall (nm0000380)>, <Person: Diane Keaton (nm0000473)>]"
3,"[Action, Crime, Drama, Thriller]",9120,PG-13,2008-07-18,"[<Person: Christian Bale (nm0000288)>, <Person: Heath Ledger (nm0005132)>, <Person: Aaron Eckhart (nm0001173)>, <Person: Michael Caine (nm0000323)>]"
4,"[Crime, Drama]",5760,Approved,1957-04,"[<Person: Henry Fonda (nm0000020)>, <Person: Lee J. Cobb (nm0002011)>, <Person: Martin Balsam (nm0000842)>, <Person: John Fiedler (nm0275835)>]"
5,"[Biography, Drama, History]",11700,R,1994-02-04,"[<Person: Liam Neeson (nm0000553)>, <Person: Ralph Fiennes (nm0000146)>, <Person: Ben Kingsley (nm0001426)>, <Person: Caroline Goodall (nm0328751)>]"
6,"[Crime, Drama]",9240,R,1994-10-14,"[<Person: John Travolta (nm0000237)>, <Person: Uma Thurman (nm0000235)>, <Person: Samuel L. Jackson (nm0000168)>, <Person: Bruce Willis (nm0000246)>]"
7,"[Adventure, Drama, Fantasy]",12060,PG-13,2003-12-17,"[<Person: Elijah Wood (nm0000704)>, <Person: Viggo Mortensen (nm0001557)>, <Person: Ian McKellen (nm0005212)>, <Person: Orlando Bloom (nm0089217)>]"
8,[Western],9660,Approved,1967-12-29,"[<Person: Clint Eastwood (nm0000142)>, <Person: Eli Wallach (nm0908919)>, <Person: Lee Van Cleef (nm0001812)>, <Person: u'Aldo Giuffr\xe8' (u'nm0321294')>]"
9,[Drama],8340,TV-MA,1999-10-15,"[<Person: Brad Pitt (nm0000093)>, <Person: Edward Norton (nm0001570)>, <Person: Meat Loaf (nm0001533)>, <Person: Zach Grenier (nm0340260)>]"
10,"[Adventure, Drama, Fantasy]",10680,PG-13,2001-12-19,"[<Person: Elijah Wood (nm0000704)>, <Person: Ian McKellen (nm0005212)>, <Person: Orlando Bloom (nm0089217)>, <Person: Sean Bean (nm0000293)>]"
11,"[Action, Adventure, Fantasy, Sci-Fi]",7440,PG,1980-06-20,"[<Person: Mark Hamill (nm0000434)>, <Person: Harrison Ford (nm0000148)>, <Person: Carrie Fisher (nm0000402)>, <Person: Billy Dee Williams (nm0001850)>]"
12,"[Comedy, Drama]",8520,PG-13,1994-07-06,"[<Person: Tom Hanks (nm0000158)>, <Person: Robin Wright (nm0000705)>, <Person: Gary Sinise (nm0000641)>, <Person: Sally Field (nm0000398)>]"
13,"[Action, Adventure, Sci-Fi, Thriller]",8880,PG-13,2010-07-16,"[<Person: Leonardo DiCaprio (nm0000138)>, <Person: Joseph Gordon-Levitt (nm0330687)>, <Person: Ellen Page (nm0680983)>, <Person: Ken Watanabe (nm0913822)>]"
14,"[Adventure, Drama, Fantasy]",10740,PG-13,2002-12-18,"[<Person: Elijah Wood (nm0000704)>, <Person: Ian McKellen (nm0005212)>, <Person: Viggo Mortensen (nm0001557)>, <Person: Orlando Bloom (nm0089217)>]"
15,[Drama],7980,R,1975-11-21,"[<Person: Jack Nicholson (nm0000197)>, <Person: Louise Fletcher (nm0001221)>, <Person: Michael Berryman (nm0077720)>, <Person: Peter Brocco (nm0110480)>]"
16,"[Biography, Crime, Drama]",8760,R,1990-09-21,"[<Person: Robert De Niro (nm0000134)>, <Person: Ray Liotta (nm0000501)>, <Person: Joe Pesci (nm0000582)>, <Person: Lorraine Bracco (nm0000966)>]"
17,"[Action, Sci-Fi]",8160,R,1999-03-31,"[<Person: Keanu Reeves (nm0000206)>, <Person: Laurence Fishburne (nm0000401)>, <Person: Carrie-Anne Moss (nm0005251)>, <Person: Hugo Weaving (nm0915989)>]"
18,"[Action, Adventure, Drama]",9480,Unrated,1956-11-19,"[<Person: u'Toshir\xf4 Mifune' (u'nm0001536')>, <Person: Takashi Shimura (nm0793766)>, <Person: Keiko Tsushima (nm0875477)>, <Person: Yukiko Shimazaki (nm0793616)>]"
19,"[Action, Adventure, Fantasy, Sci-Fi]",7260,PG,1977-05-25,"[<Person: Mark Hamill (nm0000434)>, <Person: Harrison Ford (nm0000148)>, <Person: Carrie Fisher (nm0000402)>, <Person: Alec Guinness (nm0000027)>]"
20,"[Crime, Drama]",7800,R,2004-02-13,"[<Person: Alexandre Rodrigues (nm1179105)>, <Person: Matheus Nachtergaele (nm0618690)>, <Person: Leandro Firmino (nm1129884)>, <Person: Phellipe Haagensen (nm1249574)>]"
21,"[Crime, Drama, Mystery, Thriller]",7620,R,1995-09-22,"[<Person: Morgan Freeman (nm0000151)>, <Person: Brad Pitt (nm0000093)>, <Person: Kevin Spacey (nm0000228)>, <Person: Andrew Kevin Walker (nm0001825)>]"
22,"[Crime, Drama, Thriller]",7080,R,1991-02-14,"[<Person: Jodie Foster (nm0000149)>, <Person: Anthony Hopkins (nm0000164)>, <Person: Lawrence A. Bonney (nm0095029)>, <Person: Kasi Lemmons (nm0501435)>]"
23,"[Drama, Family, Fantasy]",7800,Approved,1947-01-07,"[<Person: James Stewart (nm0000071)>, <Person: Donna Reed (nm0001656)>, <Person: Lionel Barrymore (nm0000859)>, <Person: Thomas Mitchell (nm0593775)>]"
24,"[Crime, Drama, Mystery, Thriller]",6360,R,1995-09-15,"[<Person: Kevin Spacey (nm0000228)>, <Person: Gabriel Byrne (nm0000321)>, <Person: Chazz Palminteri (nm0001590)>, <Person: Stephen Baldwin (nm0000286)>]"
25,"[Comedy, Drama, War]",6960,PG-13,1999-02-12,"[<Person: Roberto Benigni (nm0000905)>, <Person: Nicoletta Braschi (nm0000971)>, <Person: Giorgio Cantarini (nm0134493)>, <Person: Giustino Durano (nm0243842)>]"
26,"[Crime, Drama, Thriller]",6600,Unrated,1994-11-18,"[<Person: Jean Reno (nm0000606)>, <Person: Gary Oldman (nm0000198)>, <Person: Natalie Portman (nm0000204)>, <Person: Danny Aiello (nm0000732)>]"
27,"[Animation, Adventure, Family, Fantasy]",7500,PG,2003-03-28,"[<Person: Daveigh Chase (nm0153738)>, <Person: Suzanne Pleshette (nm0687189)>, <Person: Miyu Irino (nm0997115)>, <Person: Rumi Hiiragi (nm0383708)>]"
28,"[Action, Drama, War]",10140,TV-MA,1998-07-24,"[<Person: Tom Hanks (nm0000158)>, <Person: Matt Damon (nm0000354)>, <Person: Tom Sizemore (nm0001744)>, <Person: Edward Burns (nm0122653)>]"
29,[Western],8700,M,1969-07-04,"[<Person: Henry Fonda (nm0000020)>, <Person: Charles Bronson (nm0000314)>, <Person: Claudia Cardinale (nm0001012)>, <Person: Jason Robards (nm0001673)>]"
30,"[Crime, Drama]",6060,TV-14,1998-11-20,"[<Person: Edward Norton (nm0001570)>, <Person: Edward Furlong (nm0000411)>, <Person: Beverly D'Angelo (nm0000350)>, <Person: Jennifer Lien (nm0000497)>]"
31,"[Adventure, Drama, Sci-Fi]",10140,PG-13,2014-11-07,"[<Person: Matthew McConaughey (nm0000190)>, <Person: Anne Hathaway (nm0004266)>, <Person: Jessica Chastain (nm1567113)>, <Person: Mackenzie Foy (nm3237775)>]"
32,"[Drama, Romance, War]",6120,TV-PG,1943-01-23,"[<Person: Humphrey Bogart (nm0000007)>, <Person: Ingrid Bergman (nm0000006)>, <Person: Paul Henreid (nm0002134)>, <Person: Claude Rains (nm0001647)>]"
33,"[Horror, Mystery, Thriller]",6540,Approved,1960-09-08,"[<Person: Anthony Perkins (nm0000578)>, <Person: Janet Leigh (nm0001463)>, <Person: Vera Miles (nm0587256)>, <Person: John Gavin (nm0001260)>]"
34,"[Comedy, Drama, Romance]",5220,Passed,1931-03-07,"[<Person: Charles Chaplin (nm0000122)>, <Person: Virginia Cherrill (nm0156039)>, <Person: Florence Lee (nm5681967)>, <Person: Harry Myers (nm0616729)>]"
35,"[Action, Adventure]",6900,PG,1981-06-12,"[<Person: Harrison Ford (nm0000148)>, <Person: Karen Allen (nm0000261)>, <Person: Paul Freeman (nm0293550)>, <Person: John Rhys-Davies (nm0722636)>]"
36,"[Crime, Drama, Fantasy, Mystery]",11340,R,1999-12-10,"[<Person: Tom Hanks (nm0000158)>, <Person: Michael Clarke Duncan (nm0003817)>, <Person: David Morse (nm0001556)>, <Person: Bonnie Hunt (nm0001372)>]"
37,"[Biography, Comedy, Drama]",6720,R,2011-11-02,"[<Person: u'Fran\xe7ois Cluzet' (u'nm0167388')>, <Person: Omar Sy (nm1082477)>, <Person: Anne Le Ny (nm0494504)>, <Person: Audrey Fleurot (nm1109153)>]"
38,"[Comedy, Drama, Family, Romance]",5220,G,1936-02-25,"[<Person: Charles Chaplin (nm0000122)>, <Person: Paulette Goddard (nm0002104)>, <Person: Henry Bergman (nm0074788)>, <Person: Tiny Sandford (nm0761866)>]"
39,"[Mystery, Thriller]",6720,Approved,1954-09,"[<Person: James Stewart (nm0000071)>, <Person: Grace Kelly (nm0000038)>, <Person: Wendell Corey (nm0179819)>, <Person: Thelma Ritter (nm0728812)>]"
40,"[Action, Sci-Fi, Thriller]",9180,TV-14,1991-07-03,"[<Person: Arnold Schwarzenegger (nm0000216)>, <Person: Linda Hamilton (nm0000157)>, <Person: Edward Furlong (nm0000411)>, <Person: Robert Patrick (nm0001598)>]"
41,"[Crime, Drama, Thriller]",9060,R,2006-10-06,"[<Person: Leonardo DiCaprio (nm0000138)>, <Person: Matt Damon (nm0000354)>, <Person: Jack Nicholson (nm0000197)>, <Person: Mark Wahlberg (nm0000242)>]"
42,"[Biography, Drama, War]",9000,R,2003-03-28,"[<Person: Adrien Brody (nm0004778)>, <Person: Thomas Kretschmann (nm0470981)>, <Person: Frank Finlay (nm0277975)>, <Person: Emilia Fox (nm0288976)>]"
43,"[Adventure, Comedy, Sci-Fi]",6960,PG,1985-07-03,"[<Person: Michael J. Fox (nm0000150)>, <Person: Christopher Lloyd (nm0000502)>, <Person: Lea Thompson (nm0000670)>, <Person: Crispin Glover (nm0000417)>]"
44,"[Drama, Music]",6420,R,2014-10-15,"[<Person: Miles Teller (nm1886602)>, <Person: J.K. Simmons (nm0799777)>, <Person: Melissa Benoist (nm2552034)>, <Person: Paul Reiser (nm0001663)>]"
45,"[Action, Adventure, Drama]",9300,R,2000-05-05,"[<Person: Russell Crowe (nm0000128)>, <Person: Joaquin Phoenix (nm0001618)>, <Person: Connie Nielsen (nm0001567)>, <Person: Oliver Reed (nm0001657)>]"
46,"[Mystery, Thriller]",6780,R,2001-05-25,"[<Person: Guy Pearce (nm0001602)>, <Person: Carrie-Anne Moss (nm0005251)>, <Person: Joe Pantoliano (nm0001592)>, <Person: Mark Boone Junior (nm0095478)>]"
47,"[Drama, War]",9180,R,1979-08-15,"[<Person: Martin Sheen (nm0000640)>, <Person: Marlon Brando (nm0000008)>, <Person: Robert Duvall (nm0000380)>, <Person: Frederic Forrest (nm0002078)>]"
48,"[Drama, Mystery, Sci-Fi, Thriller]",7800,PG-13,2006-10-20,"[<Person: Christian Bale (nm0000288)>, <Person: Hugh Jackman (nm0413168)>, <Person: Scarlett Johansson (nm0424060)>, <Person: Michael Caine (nm0000323)>]"
49,"[Animation, Adventure, Drama, Family, Musical]",5340,G,1994-06-24,"[<Person: Matthew Broderick (nm0000111)>, <Person: Jeremy Irons (nm0000460)>, <Person: James Earl Jones (nm0000469)>, <Person: Whoopi Goldberg (nm0000155)>]"
50,"[Horror, Sci-Fi]",7020,TV-14,1979-06-22,"[<Person: Sigourney Weaver (nm0000244)>, <Person: Tom Skerritt (nm0000643)>, <Person: John Hurt (nm0000457)>, <Person: Veronica Cartwright (nm0001021)>]"
51,[Comedy],5700,Approved,1964-01-29,"[<Person: Peter Sellers (nm0000634)>, <Person: George C. Scott (nm0001715)>, <Person: Sterling Hayden (nm0001330)>, <Person: Keenan Wynn (nm0943978)>]"
52,"[Drama, Film-Noir]",6600,Passed,1950-09-29,"[<Person: William Holden (nm0000034)>, <Person: Gloria Swanson (nm0841797)>, <Person: Erich von Stroheim (nm0002233)>, <Person: Nancy Olson (nm0647970)>]"
53,"[Comedy, Drama, War]",7500,Approved,1941-03-07,"[<Person: Charles Chaplin (nm0000122)>, <Person: Paulette Goddard (nm0002104)>, <Person: Jack Oakie (nm0642988)>, <Person: Reginald Gardiner (nm0306786)>]"
54,"[Drama, Thriller]",8220,R,2007-03-30,"[<Person: u'Ulrich M\xfche' (u'nm0618057')>, <Person: Martina Gedeck (nm0311476)>, <Person: Sebastian Koch (nm0462407)>, <Person: Ulrich Tukur (nm0876300)>]"
55,[Drama],9300,PG,1990-02-23,"[<Person: Philippe Noiret (nm0634159)>, <Person: Enzo Cannavale (nm0134073)>, <Person: Antonella Attili (nm0041066)>, <Person: Isa Danieli (nm0199774)>]"
56,"[Drama, War]",5280,Approved,1957-10-25,"[<Person: Kirk Douglas (nm0000018)>, <Person: Ralph Meeker (nm0576127)>, <Person: Adolphe Menjou (nm0579663)>, <Person: George Macready (nm0534317)>]"
57,"[Drama, Western]",9900,R,2012-12-25,"[<Person: Jamie Foxx (nm0004937)>, <Person: Christoph Waltz (nm0910607)>, <Person: Leonardo DiCaprio (nm0000138)>, <Person: Kerry Washington (nm0913488)>]"
58,"[Drama, Horror]",8520,R,1980-06-13,"[<Person: Jack Nicholson (nm0000197)>, <Person: Shelley Duvall (nm0001167)>, <Person: Danny Lloyd (nm0515950)>, <Person: Scatman Crothers (nm0001079)>]"
59,"[Animation, Drama, War]",5340,Unrated,1988-04-16,"[<Person: Tsutomu Tatsumi (nm0851302)>, <Person: Ayano Shiraishi (nm0794186)>, <Person: Akemi Yamaguchi (nm0945312)>, <Person: Yoshiko Shinohara (nm0794002)>]"
60,"[Animation, Adventure, Family, Sci-Fi]",5880,G,2008-06-27,"[<Person: Ben Burtt (nm0123785)>, <Person: Elissa Knight (nm2264184)>, <Person: Jeff Garlin (nm0307531)>, <Person: Fred Willard (nm0929609)>]"
61,"[Action, Thriller]",9840,PG-13,2012-07-20,"[<Person: Christian Bale (nm0000288)>, <Person: Tom Hardy (nm0362766)>, <Person: Anne Hathaway (nm0004266)>, <Person: Gary Oldman (nm0000198)>]"
62,"[Drama, Romance]",7320,R,1999-10-01,"[<Person: Kevin Spacey (nm0000228)>, <Person: Annette Bening (nm0000906)>, <Person: Thora Birch (nm0000301)>, <Person: Wes Bentley (nm0004747)>]"
63,"[Animation, Adventure, Fantasy]",8040,TV-14,1997-07-12,"[<Person: u'Y\xf4ji Matsuda' (u'nm0559444')>, <Person: Yuriko Ishida (nm0410942)>, <Person: u'Y\xfbko Tanaka' (u'nm0849100')>, <Person: Billy Crudup (nm0001082)>]"
64,"[Action, Adventure, Sci-Fi, Thriller]",9240,R,1986-07-18,"[<Person: Sigourney Weaver (nm0000244)>, <Person: Michael Biehn (nm0000299)>, <Person: Carrie Henn (nm0001343)>, <Person: Paul Reiser (nm0001663)>]"
65,"[Drama, Mystery, Thriller]",7200,R,2003-11-21,"[<Person: Min-sik Choi (nm0158856)>, <Person: Ji-tae Yu (nm0949167)>, <Person: Hye-jeong Kang (nm1367246)>, <Person: Dae-han Ji (nm1203041)>]"
66,"[Crime, Drama]",8340,R,1984-06-01,"[<Person: Robert De Niro (nm0000134)>, <Person: James Woods (nm0000249)>, <Person: Elizabeth McGovern (nm0001527)>, <Person: Joe Pesci (nm0000582)>]"
67,"[Drama, Mystery]",7140,Approved,1941-09-05,"[<Person: Orson Welles (nm0000080)>, <Person: Joseph Cotten (nm0001072)>, <Person: Dorothy Comingore (nm0173827)>, <Person: Agnes Moorehead (nm0001547)>]"
68,"[Adventure, Drama, Thriller, War]",14340,R,1982-02-10,"[<Person: u'J\xfcrgen Prochnow' (u'nm0001638')>, <Person: u'Herbert Gr\xf6nemeyer' (u'nm0344963')>, <Person: Klaus Wennemann (nm0921044)>, <Person: Hubertus Bengsch (nm0071059)>]"
69,"[Crime, Drama, Mystery, Thriller]",6960,Approved,1958-02-06,"[<Person: Tyrone Power (nm0000061)>, <Person: Marlene Dietrich (nm0000017)>, <Person: Charles Laughton (nm0001452)>, <Person: Elsa Lanchester (nm0006471)>]"
70,"[Action, Adventure, Crime, Mystery, Thriller]",8160,Approved,1959-09-26,"[<Person: Cary Grant (nm0000026)>, <Person: Eva Marie Saint (nm0001693)>, <Person: James Mason (nm0000051)>, <Person: Jessie Royce Landis (nm0484829)>]"
71,"[Mystery, Romance, Thriller]",7740,Approved,1958-07-21,"[<Person: James Stewart (nm0000071)>, <Person: Kim Novak (nm0001571)>, <Person: Barbara Bel Geddes (nm0000895)>, <Person: Tom Helmore (nm0375738)>]"
72,"[Action, Adventure, Fantasy, Sci-Fi]",7860,PG,1983-05-25,"[<Person: Mark Hamill (nm0000434)>, <Person: Harrison Ford (nm0000148)>, <Person: Carrie Fisher (nm0000402)>, <Person: Billy Dee Williams (nm0001850)>]"
73,"[Crime, Drama, Mystery, Thriller]",5940,Not Rated,1931-08-31,"[<Person: Peter Lorre (nm0000048)>, <Person: Ellen Widmann (nm0927145)>, <Person: Inge Landgut (nm0484737)>, <Person: Otto Wernicke (nm0921532)>]"
74,"[Crime, Drama, Thriller]",5940,TV-MA,1992-09-02,"[<Person: Harvey Keitel (nm0000172)>, <Person: Tim Roth (nm0000619)>, <Person: Michael Madsen (nm0000514)>, <Person: Chris Penn (nm0001606)>]"
75,"[Biography, Drama, History, War]",10680,R,1995-05-24,"[<Person: Mel Gibson (nm0000154)>, <Person: Sophie Marceau (nm0000521)>, <Person: Patrick McGoohan (nm0001526)>, <Person: Angus Macfadyen (nm0005171)>]"
76,"[Comedy, Romance]",7320,R,2002-02-08,"[<Person: Audrey Tautou (nm0851582)>, <Person: Mathieu Kassovitz (nm0440913)>, <Person: Rufus (nm0749363)>, <Person: Lorella Cravotta (nm0186677)>]"
77,[Drama],6120,Unrated,2000-12-15,"[<Person: Ellen Burstyn (nm0000995)>, <Person: Jared Leto (nm0001467)>, <Person: Jennifer Connelly (nm0000124)>, <Person: Marlon Wayans (nm0005541)>]"
78,"[Crime, Drama, Sci-Fi]",8160,R,1972-02-02,"[<Person: Malcolm McDowell (nm0000532)>, <Person: Patrick Magee (nm0535861)>, <Person: Michael Bates (nm0060988)>, <Person: Warren Clarke (nm0165049)>]"
79,"[Crime, Drama]",6780,R,1976-02-08,"[<Person: Robert De Niro (nm0000134)>, <Person: Jodie Foster (nm0000149)>, <Person: Cybill Shepherd (nm0001732)>, <Person: Albert Brooks (nm0000983)>]"
80,"[Crime, Drama, Film-Noir, Mystery, Thriller]",6420,Passed,1944-04-24,"[<Person: Fred MacMurray (nm0534045)>, <Person: Barbara Stanwyck (nm0001766)>, <Person: Edward G. Robinson (nm0000064)>, <Person: Byron Barr (nm0056477)>]"
81,"[Adventure, Biography, Drama, History, War]",13620,PG,1962-12-11,"[<Person: Peter O'Toole (nm0000564)>, <Person: Alec Guinness (nm0000027)>, <Person: Anthony Quinn (nm0000063)>, <Person: Jack Hawkins (nm0370144)>]"
82,"[Crime, Drama]",7740,Not Rated,1963-03-16,"[<Person: Gregory Peck (nm0000060)>, <Person: John Megna (nm0576345)>, <Person: Frank Overton (nm0653942)>, <Person: Rosemary Murphy (nm0614677)>]"
83,"[Animation, Adventure, Comedy, Family, Fantasy]",6180,G,2010-06-18,"[<Person: Tom Hanks (nm0000158)>, <Person: Tim Allen (nm0000741)>, <Person: Joan Cusack (nm0000349)>, <Person: Ned Beatty (nm0000885)>]"
84,"[Drama, Fantasy, Romance, Sci-Fi]",6480,R,2004-03-19,"[<Person: Jim Carrey (nm0000120)>, <Person: Kate Winslet (nm0000701)>, <Person: Tom Wilkinson (nm0929489)>, <Person: Gerry Robert Byrne (nm0004423)>]"
85,"[Biography, Drama, History, Music]",9600,PG,1985-04-05,"[<Person: F. Murray Abraham (nm0000719)>, <Person: Tom Hulce (nm0001371)>, <Person: Elizabeth Berridge (nm0000931)>, <Person: Roy Dotrice (nm0234541)>]"
86,"[Drama, War]",6960,R,1987-07-10,"[<Person: Matthew Modine (nm0000546)>, <Person: R. Lee Ermey (nm0000388)>, <Person: Vincent D'Onofrio (nm0000352)>, <Person: Adam Baldwin (nm0000284)>]"
87,"[Comedy, Crime, Drama]",7740,PG,1973-12-25,"[<Person: Paul Newman (nm0000056)>, <Person: Robert Redford (nm0000602)>, <Person: Robert Shaw (nm0001727)>, <Person: Charles Durning (nm0001164)>]"
88,"[Adventure, Mystery, Sci-Fi]",8940,G,1968-04-11,"[<Person: Keir Dullea (nm0001158)>, <Person: Gary Lockwood (nm0516972)>, <Person: William Sylvester (nm0843213)>, <Person: Daniel Richter (nm0725220)>]"
89,[Drama],5340,Not Rated,1949-12-13,"[<Person: Lamberto Maggiorani (nm0536009)>, <Person: Enzo Staiola (nm0821543)>, <Person: Lianella Carell (nm0136794)>, <Person: Gino Saltamerenda (nm0759031)>]"
90,"[Animation, Adventure, Comedy, Family, Fantasy]",4860,TV-G,1995-11-22,"[<Person: Tom Hanks (nm0000158)>, <Person: Tim Allen (nm0000741)>, <Person: Don Rickles (nm0725543)>, <Person: Jim Varney (nm0001815)>]"
91,"[Comedy, Crime]",6120,R,2001-01-19,"[<Person: Jason Statham (nm0005458)>, <Person: Brad Pitt (nm0000093)>, <Person: Benicio Del Toro (nm0001125)>, <Person: Dennis Farina (nm0001199)>]"
92,"[Comedy, Musical, Romance]",6180,G,1952-04-11,"[<Person: Gene Kelly (nm0000037)>, <Person: Donald O'Connor (nm0640307)>, <Person: Debbie Reynolds (nm0001666)>, <Person: Jean Hagen (nm0353405)>]"
93,"[Adventure, Drama, War]",9180,R,2009-08-21,"[<Person: Brad Pitt (nm0000093)>, <Person: Diane Kruger (nm1208167)>, <Person: Eli Roth (nm0744834)>, <Person: u'M\xe9lanie Laurent' (u'nm0491259')>]"
94,"[Comedy, Drama, Family]",4080,Not Rated,1921-02-06,"[<Person: Charles Chaplin (nm0000122)>, <Person: Edna Purviance (nm0701012)>, <Person: Jackie Coogan (nm0001067)>, <Person: Carl Miller (nm0588033)>]"
95,"[Adventure, Comedy, Fantasy]",5460,PG,1975-05-25,"[<Person: Graham Chapman (nm0001037)>, <Person: John Cleese (nm0000092)>, <Person: Eric Idle (nm0001385)>, <Person: Terry Gilliam (nm0000416)>]"
96,"[Crime, Drama, Mystery, Thriller]",8280,TV-MA,1997-09-19,"[<Person: Kevin Spacey (nm0000228)>, <Person: Russell Crowe (nm0000128)>, <Person: Guy Pearce (nm0001602)>, <Person: Kim Basinger (nm0000107)>]"
97,[Western],7920,Approved,1967-05-10,"[<Person: Clint Eastwood (nm0000142)>, <Person: Lee Van Cleef (nm0001812)>, <Person: u'Gian Maria Volont\xe8' (u'nm0002231')>, <Person: Mario Brega (nm0103828)>]"
98,"[Crime, Drama, Mystery]",5280,Unrated,1951-12-26,"[<Person: u'Toshir\xf4 Mifune' (u'nm0001536')>, <Person: u'Machiko Ky\xf4' (u'nm0477553')>, <Person: Masayuki Mori (nm0605270)>, <Person: Takashi Shimura (nm0793766)>]"
99,"[Comedy, Drama]",10200,PG-13,2009-12-24,"[<Person: Aamir Khan (nm0451148)>, <Person: Madhavan (nm0534856)>, <Person: Mona Singh (nm1587175)>, <Person: Sharman Joshi (nm0430817)>]"
100,"[Comedy, Drama, Romance]",7500,Approved,1960-09-16,"[<Person: Jack Lemmon (nm0000493)>, <Person: Shirley MacLaine (nm0000511)>, <Person: Fred MacMurray (nm0534045)>, <Person: Ray Walston (nm0001827)>]"
101,"[Crime, Drama]",10200,TV-14,1983-12-09,"[<Person: Al Pacino (nm0000199)>, <Person: Michelle Pfeiffer (nm0000201)>, <Person: Steven Bauer (nm0000874)>, <Person: Mary Elizabeth Mastrantonio (nm0001512)>]"
102,"[Action, Adventure, Fantasy]",7620,E,1989-05-24,"[<Person: Harrison Ford (nm0000148)>, <Person: Sean Connery (nm0000125)>, <Person: Alison Doody (nm0233145)>, <Person: Denholm Elliott (nm0001186)>]"
103,"[Drama, Mystery]",7380,PG-13,2011-03-16,"[<Person: Peyman Moaadi (nm1818216)>, <Person: Leila Hatami (nm0368689)>, <Person: Sareh Bayat (nm4299147)>, <Person: Shahab Hosseini (nm1486911)>]"
104,"[Drama, Sci-Fi]",6840,Not Rated,1927-03-13,"[<Person: Brigitte Helm (nm0375609)>, <Person: Alfred Abel (nm0002154)>, <Person: u'Gustav Fr\xf6hlich' (u'nm0297054')>, <Person: Rudolf Klein-Rogge (nm0459030)>]"
105,[Drama],6900,R,2012-10-25,"[<Person: Mads Mikkelsen (nm0586568)>, <Person: Thomas Bo Larsen (nm0488917)>, <Person: Annika Wedderkopp (nm5038871)>, <Person: u'Lasse Fogelstr\xf8m' (u'nm5039026')>]"
106,[Drama],7560,R,1998-01-09,"[<Person: Robin Williams (nm0000245)>, <Person: Matt Damon (nm0000354)>, <Person: Ben Affleck (nm0000255)>, <Person: u'Stellan Skarsg\xe5rd' (u'nm0001745')>]"
107,[Drama],8280,TV-PG,1951-01-15,"[<Person: Bette Davis (nm0000012)>, <Person: Anne Baxter (nm0000879)>, <Person: George Sanders (nm0001695)>, <Person: Celeste Holm (nm0002141)>]"
108,"[Action, Drama, Thriller]",6600,Unrated,1961-09-13,"[<Person: u'Toshir\xf4 Mifune' (u'nm0001536')>, <Person: u'Eijir\xf4 T\xf4no' (u'nm0867391')>, <Person: Tatsuya Nakadai (nm0619938)>, <Person: u'Y\xf4ko Tsukasa' (u'nm0875362')>]"
109,"[Action, Adventure]",8400,PG-13,2005-06-15,"[<Person: Christian Bale (nm0000288)>, <Person: Michael Caine (nm0000323)>, <Person: Ken Watanabe (nm0913822)>, <Person: Liam Neeson (nm0000553)>]"
110,"[Adventure, Drama, Western]",7560,TV-PG,1948-01-24,"[<Person: Humphrey Bogart (nm0000007)>, <Person: Walter Huston (nm0404158)>, <Person: Tim Holt (nm0392529)>, <Person: Bruce Bennett (nm0071636)>]"
111,"[Comedy, Romance]",7200,Not Rated,1959-04-14,"[<Person: Marilyn Monroe (nm0000054)>, <Person: Tony Curtis (nm0000348)>, <Person: Jack Lemmon (nm0000493)>, <Person: George Raft (nm0706368)>]"
112,"[Animation, Adventure, Comedy, Family]",5760,PG,2009-05-29,"[<Person: Edward Asner (nm0000799)>, <Person: Jordan Nagai (nm2973712)>, <Person: John Ratzenberger (nm0001652)>, <Person: Christopher Plummer (nm0001626)>]"
113,"[Drama, Western]",7860,R,1992-08-07,"[<Person: Clint Eastwood (nm0000142)>, <Person: Gene Hackman (nm0000432)>, <Person: Morgan Freeman (nm0000151)>, <Person: Richard Harris (nm0001321)>]"
114,"[Film-Noir, Mystery, Thriller]",5580,Approved,1949-08-31,"[<Person: Orson Welles (nm0000080)>, <Person: Joseph Cotten (nm0001072)>, <Person: Alida Valli (nm0885098)>, <Person: Trevor Howard (nm0002145)>]"
115,"[Biography, Drama, History, War]",9360,R,2005-04-08,"[<Person: Bruno Ganz (nm0004486)>, <Person: Alexandra Maria Lara (nm0487884)>, <Person: Ulrich Matthes (nm0559890)>, <Person: u'Juliane K\xf6hler' (u'nm0477810')>]"
116,"[Biography, Drama, Sport]",7740,R,1980-12-19,"[<Person: Robert De Niro (nm0000134)>, <Person: Cathy Moriarty (nm0001550)>, <Person: Joe Pesci (nm0000582)>, <Person: Frank Vincent (nm0898634)>]"
117,"[Drama, Family]",5340,PG,1999-01-22,"[<Person: Mohammad Amir Naji (nm0619870)>, <Person: Amir Farrokh Hashemian (nm0268488)>, <Person: Bahare Seddiqi (nm0781245)>, <Person: Nafise Jafar-Mohammadi (nm0415412)>]"
118,"[Action, Thriller]",7860,R,1988-07-20,"[<Person: Bruce Willis (nm0000246)>, <Person: Alan Rickman (nm0000614)>, <Person: Bonnie Bedelia (nm0000889)>, <Person: Reginald VelJohnson (nm0001817)>]"
119,"[Adventure, Drama, History, Thriller, War]",10320,Approved,1963-07-04,"[<Person: Steve McQueen (nm0000537)>, <Person: James Garner (nm0001258)>, <Person: Richard Attenborough (nm0000277)>, <Person: Charles Bronson (nm0000314)>]"
120,"[Action, Crime, Drama, Thriller]",10200,R,1995-12-15,"[<Person: Al Pacino (nm0000199)>, <Person: Robert De Niro (nm0000134)>, <Person: Val Kilmer (nm0000174)>, <Person: Jon Voight (nm0000685)>]"
121,"[Drama, Mystery, Thriller]",7800,R,1974-06-20,"[<Person: Jack Nicholson (nm0000197)>, <Person: Faye Dunaway (nm0001159)>, <Person: John Huston (nm0001379)>, <Person: Perry Lopez (nm0520164)>]"
122,"[Animation, Adventure, Comedy, Drama, Family, Fantasy]",5700,PG,2015-06-19,"[<Person: Amy Poehler (nm0688132)>, <Person: Bill Hader (nm0352778)>, <Person: Lewis Black (nm0085400)>, <Person: Mindy Kaling (nm1411676)>]"
123,"[Drama, Fantasy, War]",7080,R,2007-01-19,"[<Person: Ivana Baquero (nm1419440)>, <Person: Ariadna Gil (nm0317725)>, <Person: u'Sergi L\xf3pez' (u'nm0530365')>, <Person: u'Maribel Verd\xfa' (u'nm0893941')>]"
124,"[Crime, Drama, Thriller]",6480,Approved,1954-06-22,"[<Person: Marlon Brando (nm0000008)>, <Person: Karl Malden (nm0001500)>, <Person: Lee J. Cobb (nm0002011)>, <Person: Rod Steiger (nm0001768)>]"
125,[Drama],7080,R,2016-01-22,"[<Person: Brie Larson (nm0488953)>, <Person: Jacob Tremblay (nm5016878)>, <Person: Sean Bridgers (nm0108703)>, <Person: Wendy Crewson (nm0187724)>]"
126,"[Animation, Family, Fantasy]",5160,G,1988-04-16,"[<Person: Hitoshi Takagi (nm0847054)>, <Person: Noriko Hidaka (nm0383022)>, <Person: Chika Sakamoto (nm0757076)>, <Person: Shigesato Itoi (nm0411790)>]"
127,[Drama],8580,Not Rated,1956-03-25,"[<Person: Takashi Shimura (nm0793766)>, <Person: Nobuo Kaneko (nm0437520)>, <Person: Shin'ichi Himori (nm0385443)>, <Person: Haruo Tanaka (nm0848984)>]"
128,"[Action, Drama]",9720,R,1985-06-01,"[<Person: Tatsuya Nakadai (nm0619938)>, <Person: Akira Terao (nm0855417)>, <Person: Jinpachi Nezu (nm0628704)>, <Person: u'Daisuke Ry\xfb' (u'nm0753480')>]"
129,"[Adventure, Comedy, Drama, Family, Western]",4320,Not Rated,1925,"[<Person: Charles Chaplin (nm0000122)>, <Person: Mack Swain (nm0841501)>, <Person: Tom Murray (nm0615306)>, <Person: Henry Bergman (nm0074788)>]"
130,"[Adventure, Drama, War]",9660,Approved,1957-12-14,"[<Person: William Holden (nm0000034)>, <Person: Alec Guinness (nm0000027)>, <Person: Jack Hawkins (nm0370144)>, <Person: Sessue Hayakawa (nm0370564)>]"
131,"[Comedy, Drama]",7740,Not Rated,1939-10-19,"[<Person: James Stewart (nm0000071)>, <Person: Jean Arthur (nm0000795)>, <Person: Claude Rains (nm0001647)>, <Person: Edward Arnold (nm0036427)>]"
132,"[Drama, Mystery, Thriller]",7740,R,2010-05-21,"[<Person: u'Ricardo Dar\xedn' (u'nm0201857')>, <Person: Soledad Villamil (nm0897845)>, <Person: Pablo Rago (nm0706567)>, <Person: Carla Quevedo (nm3587952)>]"
133,"[Sci-Fi, Thriller]",7020,R,1982-06-25,"[<Person: Harrison Ford (nm0000148)>, <Person: Rutger Hauer (nm0000442)>, <Person: Sean Young (nm0000707)>, <Person: Edward James Olmos (nm0001579)>]"
134,"[Drama, Fantasy]",5760,Not Rated,1958-10-13,"[<Person: Max von Sydow (nm0001884)>, <Person: u'Gunnar Bj\xf6rnstrand' (u'nm0085038')>, <Person: Bengt Ekerot (nm0252345)>, <Person: Nils Poppe (nm0691555)>]"
135,"[Comedy, Crime]",6420,R,1998-08-28,"[<Person: Jason Flemyng (nm0002076)>, <Person: Dexter Fletcher (nm0002077)>, <Person: Nick Moran (nm0602941)>, <Person: Jason Statham (nm0005458)>]"
136,"[Animation, Adventure, Family, Fantasy]",7140,TV-PG,2005-06-17,"[<Person: u'Chieko Baish\xf4' (u'nm0047962')>, <Person: Takuya Kimura (nm0454120)>, <Person: u'Tatsuya Gash\xfbin' (u'nm0309107')>, <Person: Akihiro Miwa (nm0594271)>]"
137,"[Biography, Crime, Drama]",10680,R,1995-11-22,"[<Person: Robert De Niro (nm0000134)>, <Person: Sharon Stone (nm0000232)>, <Person: Joe Pesci (nm0000582)>, <Person: James Woods (nm0000249)>]"
138,"[Drama, War]",11160,TV-14,1961-12-18,"[<Person: Spencer Tracy (nm0000075)>, <Person: Burt Lancaster (nm0000044)>, <Person: Richard Widmark (nm0001847)>, <Person: Marlene Dietrich (nm0000017)>]"
139,"[Biography, Drama, History]",6840,Not Rated,1928,"[<Person: Maria Falconetti (nm0266029)>, <Person: Eugene Silvain (nm0798564)>, <Person: u'Andr\xe9 Berley' (u'nm0075551')>, <Person: Maurice Schutz (nm0776914)>]"
140,"[Drama, Romance]",5460,Unrated,1959-06-22,"[<Person: u'Victor Sj\xf6str\xf6m' (u'nm0803705')>, <Person: Bibi Andersson (nm0000761)>, <Person: Ingrid Thulin (nm0862026)>, <Person: u'Gunnar Bj\xf6rnstrand' (u'nm0085038')>]"
141,"[Action, Adventure, Comedy, Drama, War]",4500,Unrated,1927-02-24,"[<Person: Buster Keaton (nm0000036)>, <Person: Marion Mack (nm0533045)>, <Person: Glen Cavender (nm0147070)>, <Person: Jim Farley (nm0267650)>]"
142,"[Biography, Drama]",7440,PG,1980-10-10,"[<Person: Anthony Hopkins (nm0000164)>, <Person: John Hurt (nm0000457)>, <Person: Anne Bancroft (nm0000843)>, <Person: John Gielgud (nm0000024)>]"
143,"[Biography, Drama]",8100,PG-13,2002-01-04,"[<Person: Russell Crowe (nm0000128)>, <Person: Ed Harris (nm0000438)>, <Person: Jennifer Connelly (nm0000124)>, <Person: Christopher Plummer (nm0001626)>]"
144,"[Drama, Romance]",5640,Not Rated,1927-11-04,"[<Person: George O'Brien (nm0639563)>, <Person: Janet Gaynor (nm0310980)>, <Person: Margaret Livingston (nm0515272)>, <Person: Bodil Rosing (nm0743017)>]"
145,"[Drama, Sport]",8400,PG-13,2011-09-09,"[<Person: Tom Hardy (nm0362766)>, <Person: Nick Nolte (nm0000560)>, <Person: Joel Edgerton (nm0249291)>, <Person: Jennifer Morrison (nm0607185)>]"
146,"[Biography, Comedy, Crime, Drama]",10800,R,2013-12-25,"[<Person: Leonardo DiCaprio (nm0000138)>, <Person: Jonah Hill (nm1706767)>, <Person: Margot Robbie (nm3053338)>, <Person: Matthew McConaughey (nm0000190)>]"
147,"[Action, Drama, Thriller]",7920,R,2006-03-17,"[<Person: Hugo Weaving (nm0915989)>, <Person: Natalie Portman (nm0000204)>, <Person: Rupert Graves (nm0001291)>, <Person: Stephen Rea (nm0001653)>]"
148,"[Drama, Mystery, War]",8340,R,2011-01-12,"[<Person: Lubna Azabal (nm0044073)>, <Person: u'M\xe9lissa D\xe9sormeaux-Poulin' (u'nm0246386')>, <Person: Maxim Gaudette (nm0309945)>, <Person: Mustafa Kamel (nm1323233)>]"
149,[Drama],6960,R,2009-01-09,"[<Person: Clint Eastwood (nm0000142)>, <Person: Bee Vang (nm3057402)>, <Person: Christopher Carley (nm1542291)>, <Person: Ahney Her (nm3115704)>]"
150,"[Comedy, Crime]",7020,R,1998-03-06,"[<Person: Jeff Bridges (nm0000313)>, <Person: John Goodman (nm0000422)>, <Person: Julianne Moore (nm0000194)>, <Person: Steve Buscemi (nm0000114)>]"
151,[Drama],8160,Not Rated,1972-03-13,"[<Person: u'Chish\xfb Ry\xfb' (u'nm0753479')>, <Person: Chieko Higashiyama (nm0383261)>, <Person: u'S\xf4 Yamamura' (u'nm0945522')>, <Person: Setsuko Hara (nm0361697)>]"
152,"[Drama, War]",10980,R,1979-02-23,"[<Person: Robert De Niro (nm0000134)>, <Person: Christopher Walken (nm0000686)>, <Person: John Cazale (nm0001030)>, <Person: John Savage (nm0001698)>]"
153,"[Crime, Thriller]",6300,PG,1954-05-29,"[<Person: Ray Milland (nm0001537)>, <Person: Grace Kelly (nm0000038)>, <Person: Robert Cummings (nm0191950)>, <Person: John Williams (nm0002369)>]"
154,[Drama],5640,R,1996-08-09,"[<Person: Ewan McGregor (nm0000191)>, <Person: Ewen Bremner (nm0001971)>, <Person: Jonny Lee Miller (nm0001538)>, <Person: Kevin McKidd (nm0571727)>]"
155,"[Drama, History, Romance, War]",14280,TV-PG,1940-01-17,"[<Person: Clark Gable (nm0000022)>, <Person: Vivien Leigh (nm0000046)>, <Person: Thomas Mitchell (nm0593775)>, <Person: Barbara O'Neil (nm0641966)>]"
156,"[Crime, Drama, Thriller]",5880,R,1996-04-05,"[<Person: William H. Macy (nm0000513)>, <Person: Frances McDormand (nm0000531)>, <Person: Steve Buscemi (nm0000114)>, <Person: Peter Stormare (nm0001780)>]"
157,"[Drama, Film-Noir, Mystery, Romance, Thriller]",7800,Approved,1940-04-12,"[<Person: Laurence Olivier (nm0000059)>, <Person: Joan Fontaine (nm0000021)>, <Person: George Sanders (nm0001695)>, <Person: Judith Anderson (nm0000752)>]"
158,"[Animation, Adventure, Comedy, Family]",6000,G,2003-05-30,"[<Person: Albert Brooks (nm0000983)>, <Person: Ellen DeGeneres (nm0001122)>, <Person: Alexander Gould (nm1071252)>, <Person: Willem Dafoe (nm0000353)>]"
159,"[Crime, Drama]",7560,PG,1967-11-01,"[<Person: Paul Newman (nm0000056)>, <Person: George Kennedy (nm0001421)>, <Person: Strother Martin (nm0001510)>, <Person: J.D. Cannon (nm0134201)>]"
160,"[Drama, Mystery, Thriller]",6420,PG-13,1999-08-06,"[<Person: Bruce Willis (nm0000246)>, <Person: Haley Joel Osment (nm0005286)>, <Person: Toni Collette (nm0001057)>, <Person: Olivia Williams (nm0931404)>]"
161,"[Action, Adventure, Fantasy, Sci-Fi]",8280,PG-13,2015-12-18,"[<Person: Daisy Ridley (nm5397459)>, <Person: John Boyega (nm3915784)>, <Person: Oscar Isaac (nm1209966)>, <Person: Domhnall Gleeson (nm1727304)>]"
162,"[Animation, Action, Adventure, Comedy, Family, Fantasy]",5880,PG,2010-03-26,"[<Person: Jay Baruchel (nm0059431)>, <Person: Gerard Butler (nm0124930)>, <Person: Christopher Mintz-Plasse (nm2395586)>, <Person: Craig Ferguson (nm0272401)>]"
163,"[Horror, Mystery, Sci-Fi]",6540,R,1982-06-25,"[<Person: Kurt Russell (nm0000621)>, <Person: Wilford Brimley (nm0000979)>, <Person: Keith David (nm0202966)>, <Person: Richard Masur (nm0557956)>]"
164,"[Crime, Drama, Thriller]",7320,R,2007-11-21,"[<Person: Tommy Lee Jones (nm0000169)>, <Person: Javier Bardem (nm0000849)>, <Person: Josh Brolin (nm0000982)>, <Person: Woody Harrelson (nm0000437)>]"
165,"[Adventure, Biography, Drama]",8880,R,2007-10-19,"[<Person: Emile Hirsch (nm0386472)>, <Person: Vince Vaughn (nm0000681)>, <Person: Catherine Keener (nm0001416)>, <Person: Marcia Gay Harden (nm0001315)>]"
166,"[Action, Thriller]",6660,R,2003-10-10,"[<Person: Uma Thurman (nm0000235)>, <Person: David Carradine (nm0001016)>, <Person: Daryl Hannah (nm0000435)>, <Person: Michael Madsen (nm0000514)>]"
167,"[Animation, Comedy, Drama]",5520,Not Rated,2009-04-09,"[<Person: Toni Collette (nm0001057)>, <Person: Philip Seymour Hoffman (nm0000450)>, <Person: Eric Bana (nm0051509)>, <Person: Barry Humphries (nm0402032)>]"
168,"[Crime, Drama, Mystery, Thriller]",8940,R,2014-10-03,"[<Person: Ben Affleck (nm0000255)>, <Person: Rosamund Pike (nm0683253)>, <Person: Neil Patrick Harris (nm0000439)>, <Person: Tyler Perry (nm1347153)>]"
169,"[Drama, War]",8520,Not Rated,1985-10-17,"[<Person: Aleksey Kravchenko (nm0470385)>, <Person: Olga Mironova (nm0592500)>, <Person: Liubomiras Laucevicius (nm0490708)>, <Person: Vladas Bagdonas (nm0046575)>]"
170,[Drama],9480,R,2008-01-25,"[<Person: Daniel Day-Lewis (nm0000358)>, <Person: Paul Dano (nm0200452)>, <Person: u'Ciar\xe1n Hinds' (u'nm0001354')>, <Person: Martin Stringer (nm2872491)>]"
171,"[Comedy, Romance]",6300,Unrated,1934-02-23,"[<Person: Clark Gable (nm0000022)>, <Person: Claudette Colbert (nm0001055)>, <Person: Walter Connolly (nm0175369)>, <Person: Roscoe Karns (nm0439850)>]"
172,[Comedy],5640,R,1979-08-17,"[<Person: Graham Chapman (nm0001037)>, <Person: John Cleese (nm0000092)>, <Person: Michael Palin (nm0001589)>, <Person: Terry Gilliam (nm0000416)>]"
173,"[Action, Biography, Drama, Sport]",7380,R,2013-09-27,"[<Person: u'Daniel Br\xfchl' (u'nm0117709')>, <Person: Chris Hemsworth (nm1165110)>, <Person: Olivia Wilde (nm1312575)>, <Person: Alexandra Maria Lara (nm0487884)>]"
174,"[Adventure, Biography, Drama, History, War]",10620,PG,1977-07-08,"[<Person: Anthony Quinn (nm0000063)>, <Person: Irene Papas (nm0660327)>, <Person: Michael Ansara (nm0030516)>, <Person: Johnny Sekka (nm0782885)>]"
175,"[Drama, History, War]",7260,PG-13,2005-02-04,"[<Person: Don Cheadle (nm0000332)>, <Person: Sophie Okonedo (nm0645683)>, <Person: Joaquin Phoenix (nm0001618)>, <Person: Xolani Mali (nm1796730)>]"
176,"[Drama, War]",7200,R,1987-02-06,"[<Person: Charlie Sheen (nm0000221)>, <Person: Tom Berenger (nm0000297)>, <Person: Willem Dafoe (nm0000353)>, <Person: Keith David (nm0202966)>]"
177,[Drama],7020,Not Rated,1957-09-13,"[<Person: Giulietta Masina (nm0556399)>, <Person: u'Fran\xe7ois P\xe9rier' (u'nm0673749')>, <Person: Franca Marzi (nm0555807)>, <Person: Dorian Gray (nm0336582)>]"
178,[Drama],7260,R,1976-11-27,"[<Person: Faye Dunaway (nm0001159)>, <Person: William Holden (nm0000034)>, <Person: Peter Finch (nm0002075)>, <Person: Robert Duvall (nm0000380)>]"
179,"[Adventure, Drama, Thriller]",7860,Not Rated,1955-02-16,"[<Person: Yves Montand (nm0598971)>, <Person: Charles Vanel (nm0889024)>, <Person: Peter van Eyck (nm0886870)>, <Person: Folco Lulli (nm0525793)>]"
180,"[Mystery, Thriller]",8280,R,2010-02-19,"[<Person: Leonardo DiCaprio (nm0000138)>, <Person: Emily Mortimer (nm0607865)>, <Person: Mark Ruffalo (nm0749263)>, <Person: Ben Kingsley (nm0001426)>]"
181,"[Biography, Crime, Drama, History]",7680,R,2015-11-20,"[<Person: Mark Ruffalo (nm0749263)>, <Person: Michael Keaton (nm0000474)>, <Person: Rachel McAdams (nm1046097)>, <Person: Liev Schreiber (nm0000630)>]"
182,"[Film-Noir, Mystery]",6000,TV-PG,1941-10-18,"[<Person: Humphrey Bogart (nm0000007)>, <Person: Mary Astor (nm0000802)>, <Person: Gladys George (nm0313438)>, <Person: Peter Lorre (nm0000048)>]"
183,"[Biography, Crime, Drama, Western]",6600,PG,1969-10-24,"[<Person: Paul Newman (nm0000056)>, <Person: Robert Redford (nm0000602)>, <Person: Katharine Ross (nm0001684)>, <Person: Strother Martin (nm0001510)>]"
184,"[Adventure, Drama]",5340,R,1986-08-22,"[<Person: Wil Wheaton (nm0000696)>, <Person: River Phoenix (nm0000203)>, <Person: Corey Feldman (nm0000397)>, <Person: Jerry O'Connell (nm0005278)>]"
185,"[Action, Adventure, Sci-Fi, Thriller]",7200,R,2015-05-15,"[<Person: Tom Hardy (nm0362766)>, <Person: Charlize Theron (nm0000234)>, <Person: Nicholas Hoult (nm0396558)>, <Person: u'Zo\xeb Kravitz' (u'nm2368789')>]"
186,"[Biography, Drama]",7980,R,1994-02-25,"[<Person: Daniel Day-Lewis (nm0000358)>, <Person: Pete Postlethwaite (nm0000592)>, <Person: Alison Crosbie (nm0188949)>, <Person: Philip King (nm2535022)>]"
187,"[Crime, Drama]",5940,Not Rated,1959-11-16,"[<Person: u'Jean-Pierre L\xe9aud' (u'nm0529543')>, <Person: u'Albert R\xe9my' (u'nm0753716')>, <Person: Claire Maurier (nm0561158)>, <Person: Guy Decomble (nm0213948)>]"
188,"[Comedy, Drama, Thriller]",7320,R,2014-08-21,"[<Person: u'Dar\xedo Grandinetti' (u'nm0334882')>, <Person: u'Mar\xeda Marull' (u'nm0555404')>, <Person: u'M\xf3nica Villa' (u'nm0897640')>, <Person: Rita Cortese (nm0181300)>]"
189,"[Biography, Drama, History]",8040,R,2013-11-08,"[<Person: Chiwetel Ejiofor (nm0252230)>, <Person: Michael Kenneth Williams (nm0931324)>, <Person: Michael Fassbender (nm1055413)>, <Person: Brad Pitt (nm0000093)>]"
190,"[Drama, Thriller]",4980,Not Rated,1967-03-16,"[<Person: Bibi Andersson (nm0000761)>, <Person: Liv Ullmann (nm0880521)>, <Person: Margaretha Krook (nm0472234)>, <Person: u'Gunnar Bj\xf6rnstrand' (u'nm0085038')>]"
191,"[Adventure, Drama, History]",12720,TV-PG,1960-01-29,"[<Person: Charlton Heston (nm0000032)>, <Person: Jack Hawkins (nm0370144)>, <Person: Stephen Boyd (nm0000963)>, <Person: Haya Harareet (nm0361823)>]"
192,"[Adventure, Comedy, Crime, Drama]",5940,R,2014-03-28,"[<Person: Ralph Fiennes (nm0000146)>, <Person: F. Murray Abraham (nm0000719)>, <Person: Mathieu Amalric (nm0023832)>, <Person: Adrien Brody (nm0004778)>]"
193,"[Drama, Thriller]",9240,R,2001-04-13,"[<Person: u'Emilio Echevarr\xeda' (u'nm0248408')>, <Person: u'Gael Garc\xeda Bernal' (u'nm0305558')>, <Person: Goya Toledo (nm0865949)>, <Person: u'\xc1lvaro Guerrero' (u'nm0346270')>]"
194,"[Drama, Sport]",7920,PG-13,2005-01-28,"[<Person: Hilary Swank (nm0005476)>, <Person: Clint Eastwood (nm0000142)>, <Person: Morgan Freeman (nm0000151)>, <Person: Jay Baruchel (nm0059431)>]"
195,"[Adventure, Family, Fantasy, Romance]",5880,PG,1987-10-09,"[<Person: Cary Elwes (nm0000144)>, <Person: Mandy Patinkin (nm0001597)>, <Person: Robin Wright (nm0000705)>, <Person: Chris Sarandon (nm0001697)>]"
196,"[Adventure, Sci-Fi, Thriller]",7620,PG-13,1993-06-11,"[<Person: Sam Neill (nm0000554)>, <Person: Laura Dern (nm0000368)>, <Person: Jeff Goldblum (nm0000156)>, <Person: Richard Attenborough (nm0000277)>]"
197,"[Drama, Family]",5580,G,2009-08-08,"[<Person: Richard Gere (nm0000152)>, <Person: Joan Allen (nm0000260)>, <Person: Cary-Hiroyuki Tagawa (nm0846480)>, <Person: Sarah Roemer (nm2105255)>]"
198,"[Animation, Adventure, Fantasy, Sci-Fi]",5700,PG,1984-03-11,"[<Person: Sumi Shimamoto (nm0793585)>, <Person: Mahito Tsujimura (nm0875332)>, <Person: u'Hisako Ky\xf4da' (u'nm0477449')>, <Person: u'Gor\xf4 Naya' (u'nm0623214')>]"
199,"[Crime, Drama, Film-Noir, Thriller]",6480,PG-13,1958-05-21,"[<Person: Charlton Heston (nm0000032)>, <Person: Orson Welles (nm0000080)>, <Person: Janet Leigh (nm0001463)>, <Person: Joseph Calleia (nm0130407)>]"
200,"[Drama, History]",7740,Approved,1940-03-15,"[<Person: Henry Fonda (nm0000020)>, <Person: Jane Darwell (nm0002034)>, <Person: John Carradine (nm0001017)>, <Person: Charley Grapewin (nm0335788)>]"
201,"[Animation, Adventure, Comedy, Crime, Family, Mystery]",6480,PG,2016-03-04,"[<Person: Ginnifer Goodwin (nm0329481)>, <Person: Jason Bateman (nm0000867)>, <Person: Idris Elba (nm0252961)>, <Person: Jenny Slate (nm2809577)>]"
202,"[Drama, Sci-Fi]",9780,Not Rated,1980-04-17,"[<Person: Alisa Freyndlikh (nm0293981)>, <Person: Aleksandr Kaydanovskiy (nm0435289)>, <Person: Anatoliy Solonitsyn (nm0813463)>, <Person: Nikolay Grinko (nm0342458)>]"
203,"[Crime, Drama, Mystery, Thriller]",7920,Unrated,2003-05-02,"[<Person: Kang-ho Song (nm0814280)>, <Person: Sang-kyung Kim (nm1235292)>, <Person: Roe-ha Kim (nm1323287)>, <Person: Jae-ho Song (nm1138201)>]"
204,"[Comedy, Romance]",5580,PG,1977-04-20,"[<Person: Woody Allen (nm0000095)>, <Person: Diane Keaton (nm0000473)>, <Person: Tony Roberts (nm0731634)>, <Person: Carol Kane (nm0001406)>]"
205,"[Comedy, Drama, Sci-Fi]",6180,PG,1998-06-05,"[<Person: Jim Carrey (nm0000120)>, <Person: Ed Harris (nm0000438)>, <Person: Laura Linney (nm0001473)>, <Person: Noah Emmerich (nm0001187)>]"
206,"[Drama, Romance]",6300,R,1995-01-27,"[<Person: Ethan Hawke (nm0000160)>, <Person: Julie Delpy (nm0000365)>, <Person: Andrea Eckert (nm0248600)>, <Person: u'Hanno P\xf6schl' (u'nm0702541')>]"
207,"[Biography, Drama, History]",11460,PG,1983-02-25,"[<Person: Ben Kingsley (nm0001426)>, <Person: John Gielgud (nm0000024)>, <Person: Candice Bergen (nm0000298)>, <Person: Edward Fox (nm0002081)>]"
208,"[Action, Mystery, Thriller]",6900,PG-13,2007-08-03,"[<Person: Matt Damon (nm0000354)>, <Person: u'Edgar Ram\xedrez' (u'nm1183149')>, <Person: Joan Allen (nm0000260)>, <Person: Julia Stiles (nm0005466)>]"
209,"[Crime, Drama, Horror, Mystery, Thriller]",6960,Unrated,1955-11-21,"[<Person: Simone Signoret (nm0797531)>, <Person: u'V\xe9ra Clouzot' (u'nm0167243')>, <Person: Paul Meurisse (nm0582890)>, <Person: Charles Vanel (nm0889024)>]"
210,"[Drama, Sport]",7200,PG,1976-12-03,"[<Person: Sylvester Stallone (nm0000230)>, <Person: Talia Shire (nm0001735)>, <Person: Burt Young (nm0949350)>, <Person: Carl Weathers (nm0001835)>]"
211,"[Drama, Sci-Fi, Thriller]",6780,R,2001-10-26,"[<Person: Jake Gyllenhaal (nm0350453)>, <Person: Jena Malone (nm0540441)>, <Person: Mary McDonnell (nm0001521)>, <Person: Holmes Osborne (nm0651660)>]"
212,"[Adventure, Drama, Fantasy, Mystery]",7800,PG-13,2011-07-15,"[<Person: Daniel Radcliffe (nm0705356)>, <Person: Emma Watson (nm0914612)>, <Person: Rupert Grint (nm0342488)>, <Person: Michael Gambon (nm0002091)>]"
213,"[Drama, Fantasy]",8280,Not Rated,1963-06-25,"[<Person: Marcello Mastroianni (nm0000052)>, <Person: u'Anouk Aim\xe9e' (u'nm0000733')>, <Person: Claudia Cardinale (nm0001012)>, <Person: Sandra Milo (nm0590452)>]"
214,"[Animation, Adventure, Comedy, Family, Fantasy]",5520,TV-PG,2001-11-02,"[<Person: Billy Crystal (nm0000345)>, <Person: John Goodman (nm0000422)>, <Person: Mary Gibbs (nm0316701)>, <Person: Steve Buscemi (nm0000114)>]"
215,"[Adventure, Family, Fantasy, Musical]",6120,Passed,1939-08-25,"[<Person: Judy Garland (nm0000023)>, <Person: Frank Morgan (nm0604656)>, <Person: Ray Bolger (nm0001961)>, <Person: Bert Lahr (nm0481618)>]"
216,"[Action, Sci-Fi]",6420,R,1984-10-26,"[<Person: Arnold Schwarzenegger (nm0000216)>, <Person: Linda Hamilton (nm0000157)>, <Person: Michael Biehn (nm0000299)>, <Person: Paul Winfield (nm0934902)>]"
217,"[Comedy, Fantasy, Romance]",6060,PG,1993-02-12,"[<Person: Bill Murray (nm0000195)>, <Person: Andie MacDowell (nm0000510)>, <Person: Chris Elliott (nm0254402)>, <Person: Stephen Tobolowsky (nm0864997)>]"
218,"[Mystery, Sci-Fi, Thriller]",7740,R,1996-01-05,"[<Person: Bruce Willis (nm0000246)>, <Person: Madeleine Stowe (nm0000656)>, <Person: Brad Pitt (nm0000093)>, <Person: Joseph Melito (nm0577828)>]"
219,"[Crime, Drama, Mystery, Thriller]",9180,R,2013-09-20,"[<Person: Hugh Jackman (nm0413168)>, <Person: Jake Gyllenhaal (nm0350453)>, <Person: Viola Davis (nm0205626)>, <Person: Melissa Leo (nm0502425)>]"
220,"[Adventure, Drama, Thriller]",7440,PG,1975-06-20,"[<Person: Roy Scheider (nm0001702)>, <Person: Robert Shaw (nm0001727)>, <Person: Richard Dreyfuss (nm0000377)>, <Person: Lorraine Gary (nm0308882)>]"
221,"[Drama, Romance, War]",10320,Passed,1947-06-17,"[<Person: Fredric March (nm0545298)>, <Person: Dana Andrews (nm0000763)>, <Person: Myrna Loy (nm0001485)>, <Person: Teresa Wright (nm0942863)>]"
222,"[Crime, Drama, Mystery, Thriller]",6060,R,2002-12-12,"[<Person: Andy Lau (nm0490489)>, <Person: Tony Chiu Wai Leung (nm0504897)>, <Person: Anthony Chau-Sang Wong (nm0938893)>, <Person: Eric Tsang (nm0874676)>]"
223,"[Adventure, Drama, History, War]",11040,PG,1975-12-18,"[<Person: Ryan O'Neal (nm0641939)>, <Person: Marisa Berenson (nm0001943)>, <Person: Patrick Magee (nm0535861)>, <Person: u'Hardy Kr\xfcger' (u'nm0473228')>]"
224,"[Crime, Drama]",5880,Not Rated,1996-02-23,"[<Person: Vincent Cassel (nm0001993)>, <Person: u'Hubert Kound\xe9' (u'nm0468003')>, <Person: u'Sa\xefd Taghmaoui' (u'nm0846548')>, <Person: Abdel Ahmed Ghili (nm0315760)>]"
225,"[Biography, Crime, Drama]",8460,PG-13,2002-12-25,"[<Person: Leonardo DiCaprio (nm0000138)>, <Person: Tom Hanks (nm0000158)>, <Person: Christopher Walken (nm0000686)>, <Person: Martin Sheen (nm0000640)>]"
226,"[Crime, Film-Noir, Thriller]",6060,TV-PG,1951-06-30,"[<Person: Farley Granger (nm0335048)>, <Person: Robert Walker (nm0908153)>, <Person: Ruth Roman (nm0738746)>, <Person: Leo G. Carroll (nm0001991)>]"
227,"[Crime, Thriller]",8820,R,2005-04-01,"[<Person: Mickey Rourke (nm0000620)>, <Person: Clive Owen (nm0654110)>, <Person: Bruce Willis (nm0000246)>, <Person: Jessica Alba (nm0004695)>]"
228,"[Drama, War]",7260,Not Rated,1967-09-20,"[<Person: Brahim Hadjadj (nm0352835)>, <Person: Jean Martin (nm0552483)>, <Person: Yacef Saadi (nm0754272)>, <Person: Samia Kerbash (nm0449198)>]"
229,"[Comedy, Crime]",6360,Approved,1950-06-14,"[<Person: Dennis Price (nm0696866)>, <Person: Alec Guinness (nm0000027)>, <Person: Valerie Hobson (nm0387753)>, <Person: Joan Greenwood (nm0339343)>]"
230,"[Crime, Drama]",7500,R,1975-09-21,"[<Person: Al Pacino (nm0000199)>, <Person: John Cazale (nm0001030)>, <Person: Penelope Allen (nm0020897)>, <Person: Sully Boyar (nm0101604)>]"
231,"[Action, Crime, Drama, Thriller]",19200,R,2012-08-02,"[<Person: Manoj Bajpayee (nm0048075)>, <Person: Richa Chadha (nm3190246)>, <Person: Nawazuddin Siddiqui (nm1596350)>, <Person: Tigmanshu Dhulia (nm0223606)>]"
232,"[Adventure, Drama, Thriller, Western]",9360,R,2016-01-08,"[<Person: Leonardo DiCaprio (nm0000138)>, <Person: Tom Hardy (nm0362766)>, <Person: Will Poulter (nm2401020)>, <Person: Domhnall Gleeson (nm1727304)>]"
233,"[Action, Adventure, Fantasy]",8580,PG-13,2003-07-09,"[<Person: Johnny Depp (nm0000136)>, <Person: Geoffrey Rush (nm0001691)>, <Person: Orlando Bloom (nm0089217)>, <Person: Keira Knightley (nm0461136)>]"
234,[Drama],8760,PG-13,2011-08-10,"[<Person: Emma Stone (nm1297015)>, <Person: Viola Davis (nm0205626)>, <Person: Octavia Spencer (nm0818055)>, <Person: Bryce Dallas Howard (nm0397171)>]"
235,"[Biography, Drama, Thriller, War]",6840,PG-13,2014-12-25,"[<Person: Benedict Cumberbatch (nm1212722)>, <Person: Keira Knightley (nm0461136)>, <Person: Matthew Goode (nm0328828)>, <Person: Allen Leech (nm1395602)>]"
236,"[Animation, Adventure, Family, Fantasy]",5580,PG,2014-12-10,"[<Person: David Rawle (nm5146515)>, <Person: Brendan Gleeson (nm0322407)>, <Person: Lisa Hannigan (nm1907066)>, <Person: Fionnula Flanagan (nm0001217)>]"
237,"[Action, Biography, Drama, Sport]",6360,R,2008-12-12,"[<Person: Donnie Yen (nm0947447)>, <Person: Simon Yam (nm0945189)>, <Person: Siu-Wong Fan (nm0266658)>, <Person: Ka Tung Lam (nm0482628)>]"
238,"[Action, Adventure, Comedy, Romance, Sci-Fi]",6480,R,2016-02-12,"[<Person: Ryan Reynolds (nm0005351)>, <Person: Morena Baccarin (nm1072555)>, <Person: T.J. Miller (nm2554352)>, <Person: Ed Skrein (nm4534098)>]"
239,"[Adventure, Drama, Sci-Fi]",8640,PG-13,2015-10-02,"[<Person: Matt Damon (nm0000354)>, <Person: Jessica Chastain (nm1567113)>, <Person: Kristen Wiig (nm1325419)>, <Person: Kate Mara (nm0544718)>]"
240,"[Animation, Adventure, Family, Fantasy]",7500,TV-PG,1986-08-02,"[<Person: Anna Paquin (nm0001593)>, <Person: James Van Der Beek (nm0004735)>, <Person: Cloris Leachman (nm0001458)>, <Person: Mark Hamill (nm0000434)>]"
241,"[Comedy, Romance]",7080,Passed,1953-09-02,"[<Person: Gregory Peck (nm0000060)>, <Person: Audrey Hepburn (nm0000030)>, <Person: Eddie Albert (nm0000734)>, <Person: Hartley Power (nm0694403)>]"
242,"[Action, Drama, Western]",5940,M,1967-01-18,"[<Person: Clint Eastwood (nm0000142)>, <Person: u'Gian Maria Volont\xe8' (u'nm0002231')>, <Person: Marianne Koch (nm0462367)>, <Person: Wolfgang Lukschy (nm0525742)>]"
243,"[Action, Adventure, Sci-Fi]",7260,PG-13,2014-08-01,"[<Person: Chris Pratt (nm0695435)>, <Person: Vin Diesel (nm0004874)>, <Person: Bradley Cooper (nm0177896)>, <Person: Zoe Saldana (nm0757855)>]"
244,[Drama],11280,R,1982-12-17,"[<Person: Bertil Guve (nm0349776)>, <Person: Pernilla Allwin (nm0021655)>, <Person: Kristina Adolphson (nm0012358)>, <Person: u'B\xf6rje Ahlstedt' (u'nm0014062')>]"
245,"[Biography, Drama]",7080,R,2010-12-25,"[<Person: Colin Firth (nm0000147)>, <Person: Geoffrey Rush (nm0001691)>, <Person: Helena Bonham Carter (nm0000307)>, <Person: Derek Jacobi (nm0001394)>]"
246,"[Action, Sci-Fi, Thriller]",8580,PG-13,2012-05-04,"[<Person: Robert Downey Jr. (nm0000375)>, <Person: Chris Evans (nm0262635)>, <Person: Scarlett Johansson (nm0424060)>, <Person: Jeremy Renner (nm0719637)>]"
247,[Drama],8820,R,1984-09-19,"[<Person: Harry Dean Stanton (nm0001765)>, <Person: Nastassja Kinski (nm0000176)>, <Person: Dean Stockwell (nm0001777)>, <Person: Sam Berry (nm0077669)>]"
248,"[Adventure, Drama, Musical, Romance, Sport]",13440,PG,2002-05-08,"[<Person: Aamir Khan (nm0451148)>, <Person: Gracy Singh (nm0961737)>, <Person: Rachel Shelley (nm0791226)>, <Person: Paul Blackthorne (nm0085860)>]"
249,"[Animation, Family, Fantasy, Musical, Romance]",5040,G,1991-11-22,"[<Person: Paige O'Hara (nm0641314)>, <Person: Robby Benson (nm0000913)>, <Person: Jesse Corti (nm0181425)>, <Person: Rex Everhart (nm0263591)>]"
